"GEO_ID","NAME","B17101_001E","B17101_001M","B17101_002E","B17101_002M","B17101_003E","B17101_003M",
"Geography","Geographic Area Name","Estimate!!Total:","Margin of Error!!Total:","Estimate!!Total:!!Income in the past 12 months below poverty level","Margin of Error!!Total:!!Income in the past 12 months below poverty level","Estimate!!Total:!!Income in the past 12 months at or above poverty level","Margin of Error!!Total:!!Income in the past 12 months at or above poverty level",
"1500000US110010001011","Block Group 1; Census Tract 1.01; District of Columbia; District of Columbia","1097","223","27","46","1070","207",
"1500000US110010001021","Block Group 1; Census Tract 1.02; District of Columbia; District of Columbia","1352","293","76","119","1276","298",
"1500000US110010001022","Block Group 2; Census Tract 1.02; District of Columbia; District of Columbia","1031","304","4","7","1027","304",
"1500000US110010001023","Block Group 3; Census Tract 1.02; District of Columbia; District of Columbia","744","279","92","102","652","251",
"1500000US110010002011","Block Group 1; Census Tract 2.01; District of Columbia; District of Columbia","0","14","0","14","0","14",
"1500000US110010002012","Block Group 2; Census Tract 2.01; District of Columbia; District of Columbia","0","14","0","14","0","14",
"1500000US110010002021","Block Group 1; Census Tract 2.02; District of Columbia; District of Columbia","874","310","89","85","785","309",
"1500000US110010002022","Block Group 2; Census Tract 2.02; District of Columbia; District of Columbia","656","206","77","81","579","184",
"1500000US110010002023","Block Group 3; Census Tract 2.02; District of Columbia; District of Columbia","822","362","202","142","620","324",
"1500000US110010002024","Block Group 4; Census Tract 2.02; District of Columbia; District of Columbia","930","327","69","70","861","304",
"1500000US110010003001","Block Group 1; Census Tract 3; District of Columbia; District of Columbia","1199","373","309","167","890","322",
"1500000US110010003002","Block Group 2; Census Tract 3; District of Columbia; District of Columbia","1674","609","114","77","1560","613",
"1500000US110010003003","Block Group 3; Census Tract 3; District of Columbia; District of Columbia","1665","538","58","69","1607","531",
"1500000US110010003004","Block Group 4; Census Tract 3; District of Columbia; District of Columbia","1441","451","53","42","1388","449",
"1500000US110010004001","Block Group 1; Census Tract 4; District of Columbia; District of Columbia","701","205","71","84","630","160",
"1500000US110010004002","Block Group 2; Census Tract 4; District of Columbia; District of Columbia","919","292","43","22","876","292",
"1500000US110010005011","Block Group 1; Census Tract 5.01; District of Columbia; District of Columbia","1111","328","210","245","901","262",
"1500000US110010005012","Block Group 2; Census Tract 5.01; District of Columbia; District of Columbia","1085","301","17","28","1068","300",
"1500000US110010005013","Block Group 3; Census Tract 5.01; District of Columbia; District of Columbia","1351","458","12","20","1339","460",
"1500000US110010005021","Block Group 1; Census Tract 5.02; District of Columbia; District of Columbia","1709","319","32","40","1677","334",
"1500000US110010005022","Block Group 2; Census Tract 5.02; District of Columbia; District of Columbia","1675","501","127","76","1548","492",
"1500000US110010006001","Block Group 1; Census Tract 6; District of Columbia; District of Columbia","1194","326","163","96","1031","322",
"1500000US110010006002","Block Group 2; Census Tract 6; District of Columbia; District of Columbia","980","224","0","14","980","224",
"1500000US110010006003","Block Group 3; Census Tract 6; District of Columbia; District of Columbia","711","316","18","29","693","317",
"1500000US110010006004","Block Group 4; Census Tract 6; District of Columbia; District of Columbia","1499","470","0","14","1499","470",
"1500000US110010007021","Block Group 1; Census Tract 7.02; District of Columbia; District of Columbia","1189","305","43","43","1146","303",
"1500000US110010007022","Block Group 2; Census Tract 7.02; District of Columbia; District of Columbia","938","340","182","118","756","330",
"1500000US110010007023","Block Group 3; Census Tract 7.02; District of Columbia; District of Columbia","794","293","35","41","759","297",
"1500000US110010007031","Block Group 1; Census Tract 7.03; District of Columbia; District of Columbia","1381","419","76","101","1305","417",
"1500000US110010007032","Block Group 2; Census Tract 7.03; District of Columbia; District of Columbia","1597","295","15","25","1582","289",
"1500000US110010007041","Block Group 1; Census Tract 7.04; District of Columbia; District of Columbia","1565","463","109","86","1456","445",
"1500000US110010007042","Block Group 2; Census Tract 7.04; District of Columbia; District of Columbia","1090","303","91","77","999","307",
"1500000US110010008021","Block Group 1; Census Tract 8.02; District of Columbia; District of Columbia","2364","492","217","138","2147","494",
"1500000US110010008022","Block Group 2; Census Tract 8.02; District of Columbia; District of Columbia","942","333","33","33","909","321",
"1500000US110010008031","Block Group 1; Census Tract 8.03; District of Columbia; District of Columbia","690","230","0","14","690","230",
"1500000US110010008032","Block Group 2; Census Tract 8.03; District of Columbia; District of Columbia","619","245","175","145","444","170",
"1500000US110010008033","Block Group 3; Census Tract 8.03; District of Columbia; District of Columbia","1052","330","296","263","756","264",
"1500000US110010008041","Block Group 1; Census Tract 8.04; District of Columbia; District of Columbia","955","309","99","65","856","305",
"1500000US110010008042","Block Group 2; Census Tract 8.04; District of Columbia; District of Columbia","480","252","4","7","476","250",
"1500000US110010008043","Block Group 3; Census Tract 8.04; District of Columbia; District of Columbia","1932","664","174","172","1758","651",
"1500000US110010009021","Block Group 1; Census Tract 9.02; District of Columbia; District of Columbia","743","145","22","21","721","139",
"1500000US110010009022","Block Group 2; Census Tract 9.02; District of Columbia; District of Columbia","1562","425","61","46","1501","421",
"1500000US110010009031","Block Group 1; Census Tract 9.03; District of Columbia; District of Columbia","0","14","0","14","0","14",
"1500000US110010009032","Block Group 2; Census Tract 9.03; District of Columbia; District of Columbia","1055","232","110","113","945","201",
"1500000US110010009041","Block Group 1; Census Tract 9.04; District of Columbia; District of Columbia","1901","455","155","171","1746","326",
"1500000US110010009042","Block Group 2; Census Tract 9.04; District of Columbia; District of Columbia","1319","275","13","15","1306","275",
"1500000US110010010021","Block Group 1; Census Tract 10.02; District of Columbia; District of Columbia","559","179","166","114","393","163",
"1500000US110010010022","Block Group 2; Census Tract 10.02; District of Columbia; District of Columbia","1150","351","229","242","921","307",
"1500000US110010010023","Block Group 3; Census Tract 10.02; District of Columbia; District of Columbia","845","371","61","53","784","376",
"1500000US110010010024","Block Group 4; Census Tract 10.02; District of Columbia; District of Columbia","884","393","20","34","864","395",
"1500000US110010010031","Block Group 1; Census Tract 10.03; District of Columbia; District of Columbia","1068","328","0","14","1068","328",
"1500000US110010010032","Block Group 2; Census Tract 10.03; District of Columbia; District of Columbia","884","425","43","60","841","373",
"1500000US110010010033","Block Group 3; Census Tract 10.03; District of Columbia; District of Columbia","956","265","63","70","893","257",
"1500000US110010010041","Block Group 1; Census Tract 10.04; District of Columbia; District of Columbia","801","327","3","11","798","328",
"1500000US110010010042","Block Group 2; Census Tract 10.04; District of Columbia; District of Columbia","1824","357","431","243","1393","314",
"1500000US110010010043","Block Group 3; Census Tract 10.04; District of Columbia; District of Columbia","1247","311","22","36","1225","315",
"1500000US110010011001","Block Group 1; Census Tract 11; District of Columbia; District of Columbia","1270","317","0","14","1270","317",
"1500000US110010011002","Block Group 2; Census Tract 11; District of Columbia; District of Columbia","1341","281","105","91","1236","281",
"1500000US110010011003","Block Group 3; Census Tract 11; District of Columbia; District of Columbia","556","269","0","14","556","269",
"1500000US110010011004","Block Group 4; Census Tract 11; District of Columbia; District of Columbia","1469","530","266","271","1203","429",
"1500000US110010012001","Block Group 1; Census Tract 12; District of Columbia; District of Columbia","2152","559","110","72","2042","546",
"1500000US110010012002","Block Group 2; Census Tract 12; District of Columbia; District of Columbia","953","276","38","57","915","279",
"1500000US110010012003","Block Group 3; Census Tract 12; District of Columbia; District of Columbia","753","287","84","130","669","268",
"1500000US110010012004","Block Group 4; Census Tract 12; District of Columbia; District of Columbia","1028","273","96","116","932","233",
"1500000US110010013011","Block Group 1; Census Tract 13.01; District of Columbia; District of Columbia","1400","415","302","238","1098","384",
"1500000US110010013012","Block Group 2; Census Tract 13.01; District of Columbia; District of Columbia","704","299","0","14","704","299",
"1500000US110010013013","Block Group 3; Census Tract 13.01; District of Columbia; District of Columbia","514","290","58","55","456","284",
"1500000US110010013014","Block Group 4; Census Tract 13.01; District of Columbia; District of Columbia","1328","418","49","59","1279","424",
"1500000US110010013031","Block Group 1; Census Tract 13.03; District of Columbia; District of Columbia","1077","295","53","60","1024","295",
"1500000US110010013032","Block Group 2; Census Tract 13.03; District of Columbia; District of Columbia","811","277","0","14","811","277",
"1500000US110010013033","Block Group 3; Census Tract 13.03; District of Columbia; District of Columbia","810","377","113","158","697","340",
"1500000US110010013034","Block Group 4; Census Tract 13.03; District of Columbia; District of Columbia","882","388","171","118","711","367",
"1500000US110010013041","Block Group 1; Census Tract 13.04; District of Columbia; District of Columbia","1444","240","17","29","1427","246",
"1500000US110010013042","Block Group 2; Census Tract 13.04; District of Columbia; District of Columbia","933","362","126","163","807","323",
"1500000US110010013043","Block Group 3; Census Tract 13.04; District of Columbia; District of Columbia","681","205","54","65","627","193",
"1500000US110010013044","Block Group 4; Census Tract 13.04; District of Columbia; District of Columbia","1110","595","37","61","1073","591",
"1500000US110010014011","Block Group 1; Census Tract 14.01; District of Columbia; District of Columbia","2033","319","115","65","1918","313",
"1500000US110010014012","Block Group 2; Census Tract 14.01; District of Columbia; District of Columbia","1287","432","0","14","1287","432",
"1500000US110010014021","Block Group 1; Census Tract 14.02; District of Columbia; District of Columbia","818","251","0","14","818","251",
"1500000US110010014022","Block Group 2; Census Tract 14.02; District of Columbia; District of Columbia","1017","277","31","35","986","263",
"1500000US110010014023","Block Group 3; Census Tract 14.02; District of Columbia; District of Columbia","1589","392","136","86","1453","384",
"1500000US110010015001","Block Group 1; Census Tract 15; District of Columbia; District of Columbia","1634","561","0","14","1634","561",
"1500000US110010015002","Block Group 2; Census Tract 15; District of Columbia; District of Columbia","791","241","0","14","791","241",
"1500000US110010015003","Block Group 3; Census Tract 15; District of Columbia; District of Columbia","458","225","0","14","458","225",
"1500000US110010015004","Block Group 4; Census Tract 15; District of Columbia; District of Columbia","1633","468","54","55","1579","478",
"1500000US110010015005","Block Group 5; Census Tract 15; District of Columbia; District of Columbia","1100","567","15","24","1085","566",
"1500000US110010016001","Block Group 1; Census Tract 16; District of Columbia; District of Columbia","1331","438","35","32","1296","435",
"1500000US110010016002","Block Group 2; Census Tract 16; District of Columbia; District of Columbia","434","158","93","101","341","140",
"1500000US110010016003","Block Group 3; Census Tract 16; District of Columbia; District of Columbia","899","307","13","19","886","306",
"1500000US110010016004","Block Group 4; Census Tract 16; District of Columbia; District of Columbia","1691","418","16","18","1675","417",
"1500000US110010017021","Block Group 1; Census Tract 17.02; District of Columbia; District of Columbia","1435","351","32","33","1403","346",
"1500000US110010017022","Block Group 2; Census Tract 17.02; District of Columbia; District of Columbia","1802","371","85","56","1717","373",
"1500000US110010018031","Block Group 1; Census Tract 18.03; District of Columbia; District of Columbia","1398","497","16","26","1382","499",
"1500000US110010018032","Block Group 2; Census Tract 18.03; District of Columbia; District of Columbia","1594","570","586","325","1008","420",
"1500000US110010018033","Block Group 3; Census Tract 18.03; District of Columbia; District of Columbia","1223","421","39","64","1184","419",
"1500000US110010018041","Block Group 1; Census Tract 18.04; District of Columbia; District of Columbia","1056","619","15","23","1041","617",
"1500000US110010018042","Block Group 2; Census Tract 18.04; District of Columbia; District of Columbia","1927","862","40","47","1887","867",
"1500000US110010018043","Block Group 3; Census Tract 18.04; District of Columbia; District of Columbia","2149","750","509","337","1640","722",
"1500000US110010019011","Block Group 1; Census Tract 19.01; District of Columbia; District of Columbia","1064","445","66","80","998","439",
"1500000US110010019012","Block Group 2; Census Tract 19.01; District of Columbia; District of Columbia","634","239","11","17","623","243",
"1500000US110010019013","Block Group 3; Census Tract 19.01; District of Columbia; District of Columbia","1205","443","8","12","1197","442",
"1500000US110010019014","Block Group 4; Census Tract 19.01; District of Columbia; District of Columbia","1705","1158","48","58","1657","1149",
"1500000US110010019021","Block Group 1; Census Tract 19.02; District of Columbia; District of Columbia","1431","244","105","77","1326","197",
"1500000US110010019022","Block Group 2; Census Tract 19.02; District of Columbia; District of Columbia","825","260","69","45","756","258",
"1500000US110010020011","Block Group 1; Census Tract 20.01; District of Columbia; District of Columbia","2528","879","682","611","1846","595",
"1500000US110010020012","Block Group 2; Census Tract 20.01; District of Columbia; District of Columbia","801","232","82","61","719","229",
"1500000US110010020021","Block Group 1; Census Tract 20.02; District of Columbia; District of Columbia","1311","541","37","38","1274","525",
"1500000US110010020022","Block Group 2; Census Tract 20.02; District of Columbia; District of Columbia","981","382","177","188","804","333",
"1500000US110010020023","Block Group 3; Census Tract 20.02; District of Columbia; District of Columbia","1941","358","130","82","1811","367",
"1500000US110010021011","Block Group 1; Census Tract 21.01; District of Columbia; District of Columbia","1483","890","23","72","1460","887",
"1500000US110010021012","Block Group 2; Census Tract 21.01; District of Columbia; District of Columbia","1547","709","132","189","1415","706",
"1500000US110010021013","Block Group 3; Census Tract 21.01; District of Columbia; District of Columbia","1490","687","20","33","1470","687",
"1500000US110010021014","Block Group 4; Census Tract 21.01; District of Columbia; District of Columbia","666","329","1","2","665","329",
"1500000US110010021015","Block Group 5; Census Tract 21.01; District of Columbia; District of Columbia","821","498","95","166","726","457",
"1500000US110010021021","Block Group 1; Census Tract 21.02; District of Columbia; District of Columbia","921","330","83","84","838","330",
"1500000US110010021022","Block Group 2; Census Tract 21.02; District of Columbia; District of Columbia","1143","423","215","149","928","416",
"1500000US110010021023","Block Group 3; Census Tract 21.02; District of Columbia; District of Columbia","725","211","109","82","616","204",
"1500000US110010021024","Block Group 4; Census Tract 21.02; District of Columbia; District of Columbia","559","339","132","199","427","307",
"1500000US110010021025","Block Group 5; Census Tract 21.02; District of Columbia; District of Columbia","614","374","15","24","599","376",
"1500000US110010021026","Block Group 6; Census Tract 21.02; District of Columbia; District of Columbia","723","337","324","307","399","207",
"1500000US110010022011","Block Group 1; Census Tract 22.01; District of Columbia; District of Columbia","866","247","44","68","822","233",
"1500000US110010022012","Block Group 2; Census Tract 22.01; District of Columbia; District of Columbia","1833","605","96","144","1737","602",
"1500000US110010022013","Block Group 3; Census Tract 22.01; District of Columbia; District of Columbia","585","246","0","14","585","246",
"1500000US110010022021","Block Group 1; Census Tract 22.02; District of Columbia; District of Columbia","1775","737","339","549","1436","567",
"1500000US110010022022","Block Group 2; Census Tract 22.02; District of Columbia; District of Columbia","622","278","13","21","609","276",
"1500000US110010022023","Block Group 3; Census Tract 22.02; District of Columbia; District of Columbia","815","219","94","101","721","229",
"1500000US110010023011","Block Group 1; Census Tract 23.01; District of Columbia; District of Columbia","1397","445","26","22","1371","446",
"1500000US110010023012","Block Group 2; Census Tract 23.01; District of Columbia; District of Columbia","1822","397","307","249","1515","382",
"1500000US110010023021","Block Group 1; Census Tract 23.02; District of Columbia; District of Columbia","0","14","0","14","0","14",
"1500000US110010023022","Block Group 2; Census Tract 23.02; District of Columbia; District of Columbia","1010","167","112","69","898","154",
"1500000US110010023023","Block Group 3; Census Tract 23.02; District of Columbia; District of Columbia","434","177","85","66","349","171",
"1500000US110010024001","Block Group 1; Census Tract 24; District of Columbia; District of Columbia","712","206","72","51","640","194",
"1500000US110010024002","Block Group 2; Census Tract 24; District of Columbia; District of Columbia","1149","516","17","19","1132","515",
"1500000US110010024003","Block Group 3; Census Tract 24; District of Columbia; District of Columbia","1106","283","41","38","1065","274",
"1500000US110010024004","Block Group 4; Census Tract 24; District of Columbia; District of Columbia","795","241","21","21","774","240",
"1500000US110010025011","Block Group 1; Census Tract 25.01; District of Columbia; District of Columbia","1423","744","51","47","1372","746",
"1500000US110010025012","Block Group 2; Census Tract 25.01; District of Columbia; District of Columbia","1499","217","32","39","1467","206",
"1500000US110010025031","Block Group 1; Census Tract 25.03; District of Columbia; District of Columbia","1095","633","50","101","1045","587",
"1500000US110010025032","Block Group 2; Census Tract 25.03; District of Columbia; District of Columbia","1586","436","25","42","1561","426",
"1500000US110010025041","Block Group 1; Census Tract 25.04; District of Columbia; District of Columbia","1182","383","0","14","1182","383",
"1500000US110010025042","Block Group 2; Census Tract 25.04; District of Columbia; District of Columbia","1918","632","537","431","1381","462",
"1500000US110010026001","Block Group 1; Census Tract 26; District of Columbia; District of Columbia","1176","284","72","47","1104","260",
"1500000US110010026002","Block Group 2; Census Tract 26; District of Columbia; District of Columbia","1443","379","34","41","1409","372",
"1500000US110010027021","Block Group 1; Census Tract 27.02; District of Columbia; District of Columbia","1382","476","43","75","1339","473",
"1500000US110010027022","Block Group 2; Census Tract 27.02; District of Columbia; District of Columbia","1589","411","31","34","1558","403",
"1500000US110010027023","Block Group 3; Census Tract 27.02; District of Columbia; District of Columbia","1122","375","24","28","1098","373",
"1500000US110010027024","Block Group 4; Census Tract 27.02; District of Columbia; District of Columbia","1359","476","100","121","1259","459",
"1500000US110010027031","Block Group 1; Census Tract 27.03; District of Columbia; District of Columbia","577","269","32","46","545","277",
"1500000US110010027032","Block Group 2; Census Tract 27.03; District of Columbia; District of Columbia","1734","312","99","129","1635","327",
"1500000US110010027041","Block Group 1; Census Tract 27.04; District of Columbia; District of Columbia","1216","473","101","101","1115","428",
"1500000US110010027042","Block Group 2; Census Tract 27.04; District of Columbia; District of Columbia","1999","604","198","125","1801","587",
"1500000US110010028011","Block Group 1; Census Tract 28.01; District of Columbia; District of Columbia","1651","306","209","186","1442","293",
"1500000US110010028012","Block Group 2; Census Tract 28.01; District of Columbia; District of Columbia","2117","499","324","298","1793","446",
"1500000US110010028021","Block Group 1; Census Tract 28.02; District of Columbia; District of Columbia","2250","746","965","583","1285","404",
"1500000US110010028022","Block Group 2; Census Tract 28.02; District of Columbia; District of Columbia","1213","489","612","480","601","352",
"1500000US110010028023","Block Group 3; Census Tract 28.02; District of Columbia; District of Columbia","1821","886","176","149","1645","895",
"1500000US110010029001","Block Group 1; Census Tract 29; District of Columbia; District of Columbia","1783","409","144","72","1639","419",
"1500000US110010029002","Block Group 2; Census Tract 29; District of Columbia; District of Columbia","2742","649","558","502","2184","531",
"1500000US110010030001","Block Group 1; Census Tract 30; District of Columbia; District of Columbia","1774","322","239","132","1535","302",
"1500000US110010030002","Block Group 2; Census Tract 30; District of Columbia; District of Columbia","2048","538","582","361","1466","420",
"1500000US110010031001","Block Group 1; Census Tract 31; District of Columbia; District of Columbia","1208","399","59","60","1149","350",
"1500000US110010031002","Block Group 2; Census Tract 31; District of Columbia; District of Columbia","2240","600","136","111","2104","577",
"1500000US110010032001","Block Group 1; Census Tract 32; District of Columbia; District of Columbia","1132","860","543","817","589","254",
"1500000US110010032002","Block Group 2; Census Tract 32; District of Columbia; District of Columbia","928","263","79","106","849","247",
"1500000US110010032003","Block Group 3; Census Tract 32; District of Columbia; District of Columbia","991","351","186","124","805","349",
"1500000US110010032004","Block Group 4; Census Tract 32; District of Columbia; District of Columbia","1029","348","49","52","980","344",
"1500000US110010033011","Block Group 1; Census Tract 33.01; District of Columbia; District of Columbia","904","331","80","92","824","297",
"1500000US110010033012","Block Group 2; Census Tract 33.01; District of Columbia; District of Columbia","1230","306","118","71","1112","292",
"1500000US110010033013","Block Group 3; Census Tract 33.01; District of Columbia; District of Columbia","1544","494","47","42","1497","492",
"1500000US110010033021","Block Group 1; Census Tract 33.02; District of Columbia; District of Columbia","1033","178","93","76","940","171",
"1500000US110010033022","Block Group 2; Census Tract 33.02; District of Columbia; District of Columbia","1275","418","110","71","1165","409",
"1500000US110010034001","Block Group 1; Census Tract 34; District of Columbia; District of Columbia","853","234","236","138","617","189",
"1500000US110010034002","Block Group 2; Census Tract 34; District of Columbia; District of Columbia","0","14","0","14","0","14",
"1500000US110010034003","Block Group 3; Census Tract 34; District of Columbia; District of Columbia","1512","528","202","242","1310","338",
"1500000US110010034004","Block Group 4; Census Tract 34; District of Columbia; District of Columbia","82","79","0","14","82","79",
"1500000US110010034005","Block Group 5; Census Tract 34; District of Columbia; District of Columbia","0","14","0","14","0","14",
"1500000US110010035001","Block Group 1; Census Tract 35; District of Columbia; District of Columbia","1076","247","65","58","1011","251",
"1500000US110010035002","Block Group 2; Census Tract 35; District of Columbia; District of Columbia","1007","304","181","96","826","277",
"1500000US110010035003","Block Group 3; Census Tract 35; District of Columbia; District of Columbia","703","220","0","14","703","220",
"1500000US110010036001","Block Group 1; Census Tract 36; District of Columbia; District of Columbia","1760","549","87","77","1673","538",
"1500000US110010036002","Block Group 2; Census Tract 36; District of Columbia; District of Columbia","1639","642","345","161","1294","598",
"1500000US110010036003","Block Group 3; Census Tract 36; District of Columbia; District of Columbia","1021","348","10","15","1011","350",
"1500000US110010037011","Block Group 1; Census Tract 37.01; District of Columbia; District of Columbia","747","247","14","23","733","249",
"1500000US110010037012","Block Group 2; Census Tract 37.01; District of Columbia; District of Columbia","1396","279","22","36","1374","273",
"1500000US110010037021","Block Group 1; Census Tract 37.02; District of Columbia; District of Columbia","707","292","0","14","707","292",
"1500000US110010037022","Block Group 2; Census Tract 37.02; District of Columbia; District of Columbia","2118","828","649","224","1469","768",
"1500000US110010038011","Block Group 1; Census Tract 38.01; District of Columbia; District of Columbia","678","161","0","14","678","161",
"1500000US110010038012","Block Group 2; Census Tract 38.01; District of Columbia; District of Columbia","817","192","86","60","731","197",
"1500000US110010038021","Block Group 1; Census Tract 38.02; District of Columbia; District of Columbia","1097","413","106","105","991","400",
"1500000US110010038022","Block Group 2; Census Tract 38.02; District of Columbia; District of Columbia","1065","318","116","69","949","306",
"1500000US110010038023","Block Group 3; Census Tract 38.02; District of Columbia; District of Columbia","1151","264","12","17","1139","268",
"1500000US110010039011","Block Group 1; Census Tract 39.01; District of Columbia; District of Columbia","1299","291","78","64","1221","289",
"1500000US110010039012","Block Group 2; Census Tract 39.01; District of Columbia; District of Columbia","1317","578","23","35","1294","579",
"1500000US110010039021","Block Group 1; Census Tract 39.02; District of Columbia; District of Columbia","858","196","18","30","840","193",
"1500000US110010039022","Block Group 2; Census Tract 39.02; District of Columbia; District of Columbia","953","379","15","23","938","363",
"1500000US110010040011","Block Group 1; Census Tract 40.01; District of Columbia; District of Columbia","1664","492","124","188","1540","482",
"1500000US110010040012","Block Group 2; Census Tract 40.01; District of Columbia; District of Columbia","733","261","0","14","733","261",
"1500000US110010040013","Block Group 3; Census Tract 40.01; District of Columbia; District of Columbia","1154","405","8","14","1146","406",
"1500000US110010040014","Block Group 4; Census Tract 40.01; District of Columbia; District of Columbia","699","215","11","17","688","214",
"1500000US110010040021","Block Group 1; Census Tract 40.02; District of Columbia; District of Columbia","852","391","60","46","792","392",
"1500000US110010040022","Block Group 2; Census Tract 40.02; District of Columbia; District of Columbia","1641","415","31","34","1610","417",
"1500000US110010040023","Block Group 3; Census Tract 40.02; District of Columbia; District of Columbia","653","233","19","19","634","235",
"1500000US110010041001","Block Group 1; Census Tract 41; District of Columbia; District of Columbia","1182","240","105","84","1077","222",
"1500000US110010041002","Block Group 2; Census Tract 41; District of Columbia; District of Columbia","279","111","3","6","276","110",
"1500000US110010041003","Block Group 3; Census Tract 41; District of Columbia; District of Columbia","988","401","39","47","949","396",
"1500000US110010042011","Block Group 1; Census Tract 42.01; District of Columbia; District of Columbia","998","301","117","140","881","273",
"1500000US110010042012","Block Group 2; Census Tract 42.01; District of Columbia; District of Columbia","1034","495","90","80","944","455",
"1500000US110010042013","Block Group 3; Census Tract 42.01; District of Columbia; District of Columbia","1241","407","26","41","1215","409",
"1500000US110010042021","Block Group 1; Census Tract 42.02; District of Columbia; District of Columbia","1226","449","264","276","962","220",
"1500000US110010042022","Block Group 2; Census Tract 42.02; District of Columbia; District of Columbia","1188","181","91","67","1097","168",
"1500000US110010043001","Block Group 1; Census Tract 43; District of Columbia; District of Columbia","453","247","41","68","412","232",
"1500000US110010043002","Block Group 2; Census Tract 43; District of Columbia; District of Columbia","1336","391","80","84","1256","362",
"1500000US110010043003","Block Group 3; Census Tract 43; District of Columbia; District of Columbia","1824","823","107","89","1717","816",
"1500000US110010043004","Block Group 4; Census Tract 43; District of Columbia; District of Columbia","560","170","11","18","549","167",
"1500000US110010044011","Block Group 1; Census Tract 44.01; District of Columbia; District of Columbia","1361","283","0","14","1361","283",
"1500000US110010044012","Block Group 2; Census Tract 44.01; District of Columbia; District of Columbia","1528","987","50","56","1478","990",
"1500000US110010044013","Block Group 3; Census Tract 44.01; District of Columbia; District of Columbia","448","134","27","32","421","131",
"1500000US110010044021","Block Group 1; Census Tract 44.02; District of Columbia; District of Columbia","1199","444","39","47","1160","441",
"1500000US110010044022","Block Group 2; Census Tract 44.02; District of Columbia; District of Columbia","1247","297","36","37","1211","302",
"1500000US110010046001","Block Group 1; Census Tract 46; District of Columbia; District of Columbia","894","243","121","115","773","214",
"1500000US110010046002","Block Group 2; Census Tract 46; District of Columbia; District of Columbia","2194","546","71","75","2123","555",
"1500000US110010047021","Block Group 1; Census Tract 47.02; District of Columbia; District of Columbia","484","103","76","46","408","100",
"1500000US110010047022","Block Group 2; Census Tract 47.02; District of Columbia; District of Columbia","459","135","21","28","438","132",
"1500000US110010047023","Block Group 3; Census Tract 47.02; District of Columbia; District of Columbia","470","152","28","38","442","141",
"1500000US110010047024","Block Group 4; Census Tract 47.02; District of Columbia; District of Columbia","696","172","33","33","663","171",
"1500000US110010047025","Block Group 5; Census Tract 47.02; District of Columbia; District of Columbia","1062","719","36","40","1026","716",
"1500000US110010047031","Block Group 1; Census Tract 47.03; District of Columbia; District of Columbia","707","440","455","427","252","131",
"1500000US110010047032","Block Group 2; Census Tract 47.03; District of Columbia; District of Columbia","660","194","145","164","515","173",
"1500000US110010047033","Block Group 3; Census Tract 47.03; District of Columbia; District of Columbia","1180","334","200","241","980","270",
"1500000US110010047034","Block Group 4; Census Tract 47.03; District of Columbia; District of Columbia","522","324","239","251","283","214",
"1500000US110010047041","Block Group 1; Census Tract 47.04; District of Columbia; District of Columbia","562","232","393","203","169","184",
"1500000US110010047042","Block Group 2; Census Tract 47.04; District of Columbia; District of Columbia","658","518","418","471","240","200",
"1500000US110010048011","Block Group 1; Census Tract 48.01; District of Columbia; District of Columbia","422","109","75","47","347","103",
"1500000US110010048012","Block Group 2; Census Tract 48.01; District of Columbia; District of Columbia","897","236","114","136","783","209",
"1500000US110010048013","Block Group 3; Census Tract 48.01; District of Columbia; District of Columbia","1432","477","37","41","1395","454",
"1500000US110010048021","Block Group 1; Census Tract 48.02; District of Columbia; District of Columbia","1630","343","52","45","1578","340",
"1500000US110010048022","Block Group 2; Census Tract 48.02; District of Columbia; District of Columbia","1558","738","252","148","1306","717",
"1500000US110010049011","Block Group 1; Census Tract 49.01; District of Columbia; District of Columbia","884","293","129","174","755","262",
"1500000US110010049012","Block Group 2; Census Tract 49.01; District of Columbia; District of Columbia","1856","416","226","223","1630","308",
"1500000US110010049013","Block Group 3; Census Tract 49.01; District of Columbia; District of Columbia","446","188","17","21","429","186",
"1500000US110010049021","Block Group 1; Census Tract 49.02; District of Columbia; District of Columbia","643","202","142","137","501","189",
"1500000US110010049022","Block Group 2; Census Tract 49.02; District of Columbia; District of Columbia","730","202","38","41","692","192",
"1500000US110010049023","Block Group 3; Census Tract 49.02; District of Columbia; District of Columbia","1977","343","76","52","1901","339",
"1500000US110010050011","Block Group 1; Census Tract 50.01; District of Columbia; District of Columbia","895","412","0","14","895","412",
"1500000US110010050012","Block Group 2; Census Tract 50.01; District of Columbia; District of Columbia","992","188","38","66","954","190",
"1500000US110010050031","Block Group 1; Census Tract 50.03; District of Columbia; District of Columbia","875","317","135","34","740","320",
"1500000US110010050032","Block Group 2; Census Tract 50.03; District of Columbia; District of Columbia","839","139","28","32","811","138",
"1500000US110010050041","Block Group 1; Census Tract 50.04; District of Columbia; District of Columbia","2170","484","791","371","1379","236",
"1500000US110010050042","Block Group 2; Census Tract 50.04; District of Columbia; District of Columbia","761","258","0","14","761","258",
"1500000US110010050043","Block Group 3; Census Tract 50.04; District of Columbia; District of Columbia","951","289","183","124","768","264",
"1500000US110010052021","Block Group 1; Census Tract 52.02; District of Columbia; District of Columbia","539","320","17","29","522","321",
"1500000US110010052022","Block Group 2; Census Tract 52.02; District of Columbia; District of Columbia","1435","371","95","122","1340","358",
"1500000US110010052023","Block Group 3; Census Tract 52.02; District of Columbia; District of Columbia","898","301","87","84","811","288",
"1500000US110010052031","Block Group 1; Census Tract 52.03; District of Columbia; District of Columbia","1316","431","100","86","1216","418",
"1500000US110010052032","Block Group 2; Census Tract 52.03; District of Columbia; District of Columbia","788","383","166","152","622","300",
"1500000US110010052033","Block Group 3; Census Tract 52.03; District of Columbia; District of Columbia","1174","438","47","47","1127","431",
"1500000US110010053021","Block Group 1; Census Tract 53.02; District of Columbia; District of Columbia","1428","305","37","43","1391","296",
"1500000US110010053022","Block Group 2; Census Tract 53.02; District of Columbia; District of Columbia","746","215","59","63","687","206",
"1500000US110010053023","Block Group 3; Census Tract 53.02; District of Columbia; District of Columbia","364","174","11","36","353","157",
"1500000US110010053031","Block Group 1; Census Tract 53.03; District of Columbia; District of Columbia","480","167","0","14","480","167",
"1500000US110010053032","Block Group 2; Census Tract 53.03; District of Columbia; District of Columbia","1041","282","76","60","965","278",
"1500000US110010053033","Block Group 3; Census Tract 53.03; District of Columbia; District of Columbia","1099","250","129","87","970","258",
"1500000US110010055011","Block Group 1; Census Tract 55.01; District of Columbia; District of Columbia","1002","321","21","23","981","314",
"1500000US110010055012","Block Group 2; Census Tract 55.01; District of Columbia; District of Columbia","670","199","61","59","609","197",
"1500000US110010055021","Block Group 1; Census Tract 55.02; District of Columbia; District of Columbia","868","353","202","104","666","357",
"1500000US110010055022","Block Group 2; Census Tract 55.02; District of Columbia; District of Columbia","1012","353","60","61","952","354",
"1500000US110010055023","Block Group 3; Census Tract 55.02; District of Columbia; District of Columbia","613","155","11","20","602","153",
"1500000US110010055031","Block Group 1; Census Tract 55.03; District of Columbia; District of Columbia","1008","307","416","309","592","261",
"1500000US110010055032","Block Group 2; Census Tract 55.03; District of Columbia; District of Columbia","718","307","229","142","489","273",
"1500000US110010056011","Block Group 1; Census Tract 56.01; District of Columbia; District of Columbia","1074","372","291","113","783","370",
"1500000US110010056012","Block Group 2; Census Tract 56.01; District of Columbia; District of Columbia","530","173","127","70","403","167",
"1500000US110010056013","Block Group 3; Census Tract 56.01; District of Columbia; District of Columbia","932","258","345","159","587","182",
"1500000US110010056021","Block Group 1; Census Tract 56.02; District of Columbia; District of Columbia","675","217","67","106","608","204",
"1500000US110010056022","Block Group 2; Census Tract 56.02; District of Columbia; District of Columbia","1108","382","257","136","851","333",
"1500000US110010056023","Block Group 3; Census Tract 56.02; District of Columbia; District of Columbia","793","167","75","72","718","173",
"1500000US110010058011","Block Group 1; Census Tract 58.01; District of Columbia; District of Columbia","792","195","57","65","735","189",
"1500000US110010058012","Block Group 2; Census Tract 58.01; District of Columbia; District of Columbia","780","254","206","90","574","231",
"1500000US110010058021","Block Group 1; Census Tract 58.02; District of Columbia; District of Columbia","0","14","0","14","0","14",
"1500000US110010058022","Block Group 2; Census Tract 58.02; District of Columbia; District of Columbia","0","14","0","14","0","14",
"1500000US110010058023","Block Group 3; Census Tract 58.02; District of Columbia; District of Columbia","0","14","0","14","0","14",
"1500000US110010058024","Block Group 4; Census Tract 58.02; District of Columbia; District of Columbia","681","153","35","30","646","153",
"1500000US110010058025","Block Group 5; Census Tract 58.02; District of Columbia; District of Columbia","1309","226","75","54","1234","222",
"1500000US110010059001","Block Group 1; Census Tract 59; District of Columbia; District of Columbia","1301","242","181","94","1120","237",
"1500000US110010059002","Block Group 2; Census Tract 59; District of Columbia; District of Columbia","757","225","77","45","680","224",
"1500000US110010064001","Block Group 1; Census Tract 64; District of Columbia; District of Columbia","1484","267","415","173","1069","261",
"1500000US110010064002","Block Group 2; Census Tract 64; District of Columbia; District of Columbia","1104","432","538","349","566","198",
"1500000US110010065001","Block Group 1; Census Tract 65; District of Columbia; District of Columbia","1063","381","304","325","759","181",
"1500000US110010065002","Block Group 2; Census Tract 65; District of Columbia; District of Columbia","1482","452","111","129","1371","432",
"1500000US110010066001","Block Group 1; Census Tract 66; District of Columbia; District of Columbia","998","182","60","65","938","166",
"1500000US110010066002","Block Group 2; Census Tract 66; District of Columbia; District of Columbia","1167","522","72","80","1095","496",
"1500000US110010067001","Block Group 1; Census Tract 67; District of Columbia; District of Columbia","1040","246","14","22","1026","241",
"1500000US110010067002","Block Group 2; Census Tract 67; District of Columbia; District of Columbia","1093","234","8","12","1085","233",
"1500000US110010067003","Block Group 3; Census Tract 67; District of Columbia; District of Columbia","1912","342","13","15","1899","346",
"1500000US110010068011","Block Group 1; Census Tract 68.01; District of Columbia; District of Columbia","1564","308","127","92","1437","324",
"1500000US110010068012","Block Group 2; Census Tract 68.01; District of Columbia; District of Columbia","683","252","187","175","496","164",
"1500000US110010068021","Block Group 1; Census Tract 68.02; District of Columbia; District of Columbia","950","581","165","235","785","364",
"1500000US110010068022","Block Group 2; Census Tract 68.02; District of Columbia; District of Columbia","1178","226","38","44","1140","236",
"1500000US110010068041","Block Group 1; Census Tract 68.04; District of Columbia; District of Columbia","36","35","0","14","36","35",
"1500000US110010069001","Block Group 1; Census Tract 69; District of Columbia; District of Columbia","1740","363","85","68","1655","362",
"1500000US110010069002","Block Group 2; Census Tract 69; District of Columbia; District of Columbia","929","246","14","21","915","246",
"1500000US110010070001","Block Group 1; Census Tract 70; District of Columbia; District of Columbia","1398","352","35","47","1363","343",
"1500000US110010070002","Block Group 2; Census Tract 70; District of Columbia; District of Columbia","722","227","5","10","717","223",
"1500000US110010071001","Block Group 1; Census Tract 71; District of Columbia; District of Columbia","645","246","40","46","605","250",
"1500000US110010071002","Block Group 2; Census Tract 71; District of Columbia; District of Columbia","1799","821","488","337","1311","736",
"1500000US110010071003","Block Group 3; Census Tract 71; District of Columbia; District of Columbia","983","221","37","53","946","214",
"1500000US110010072011","Block Group 1; Census Tract 72.01; District of Columbia; District of Columbia","1074","211","19","28","1055","209",
"1500000US110010072012","Block Group 2; Census Tract 72.01; District of Columbia; District of Columbia","928","247","22","3","906","247",
"1500000US110010072013","Block Group 3; Census Tract 72.01; District of Columbia; District of Columbia","8","20","0","14","8","20",
"1500000US110010072014","Block Group 4; Census Tract 72.01; District of Columbia; District of Columbia","407","193","0","14","407","193",
"1500000US110010072021","Block Group 1; Census Tract 72.02; District of Columbia; District of Columbia","1034","529","0","14","1034","529",
"1500000US110010072022","Block Group 2; Census Tract 72.02; District of Columbia; District of Columbia","1932","463","0","14","1932","463",
"1500000US110010072023","Block Group 3; Census Tract 72.02; District of Columbia; District of Columbia","1480","317","99","96","1381","303",
"1500000US110010072031","Block Group 1; Census Tract 72.03; District of Columbia; District of Columbia","489","251","144","105","345","241",
"1500000US110010072032","Block Group 2; Census Tract 72.03; District of Columbia; District of Columbia","239","115","29","46","210","113",
"1500000US110010072033","Block Group 3; Census Tract 72.03; District of Columbia; District of Columbia","1243","338","0","14","1243","338",
"1500000US110010072034","Block Group 4; Census Tract 72.03; District of Columbia; District of Columbia","958","269","38","42","920","271",
"1500000US110010073011","Block Group 1; Census Tract 73.01; District of Columbia; District of Columbia","1309","300","61","79","1248","299",
"1500000US110010073012","Block Group 2; Census Tract 73.01; District of Columbia; District of Columbia","1661","550","47","64","1614","547",
"1500000US110010073013","Block Group 3; Census Tract 73.01; District of Columbia; District of Columbia","1091","448","10","16","1081","452",
"1500000US110010073041","Block Group 1; Census Tract 73.04; District of Columbia; District of Columbia","1024","524","353","319","671","293",
"1500000US110010073042","Block Group 2; Census Tract 73.04; District of Columbia; District of Columbia","1292","542","695","414","597","351",
"1500000US110010073043","Block Group 3; Census Tract 73.04; District of Columbia; District of Columbia","951","558","562","487","389","344",
"1500000US110010073044","Block Group 4; Census Tract 73.04; District of Columbia; District of Columbia","1347","601","126","158","1221","600",
"1500000US110010074011","Block Group 1; Census Tract 74.01; District of Columbia; District of Columbia","116","92","0","14","116","92",
"1500000US110010074012","Block Group 2; Census Tract 74.01; District of Columbia; District of Columbia","1247","323","706","270","541","241",
"1500000US110010074031","Block Group 1; Census Tract 74.03; District of Columbia; District of Columbia","887","474","496","405","391","229",
"1500000US110010074032","Block Group 2; Census Tract 74.03; District of Columbia; District of Columbia","1534","551","656","504","878","365",
"1500000US110010074041","Block Group 1; Census Tract 74.04; District of Columbia; District of Columbia","1848","679","261","208","1587","677",
"1500000US110010074042","Block Group 2; Census Tract 74.04; District of Columbia; District of Columbia","1491","557","423","358","1068","493",
"1500000US110010074043","Block Group 3; Census Tract 74.04; District of Columbia; District of Columbia","619","361","39","54","580","353",
"1500000US110010074061","Block Group 1; Census Tract 74.06; District of Columbia; District of Columbia","1820","536","552","375","1268","480",
"1500000US110010074062","Block Group 2; Census Tract 74.06; District of Columbia; District of Columbia","1204","588","625","486","579","412",
"1500000US110010074071","Block Group 1; Census Tract 74.07; District of Columbia; District of Columbia","753","283","32","38","721","288",
"1500000US110010074072","Block Group 2; Census Tract 74.07; District of Columbia; District of Columbia","1032","551","372","489","660","294",
"1500000US110010074073","Block Group 3; Census Tract 74.07; District of Columbia; District of Columbia","1418","376","412","335","1006","315",
"1500000US110010074081","Block Group 1; Census Tract 74.08; District of Columbia; District of Columbia","2072","760","716","539","1356","570",
"1500000US110010074082","Block Group 2; Census Tract 74.08; District of Columbia; District of Columbia","1561","971","626","509","935","1030",
"1500000US110010074091","Block Group 1; Census Tract 74.09; District of Columbia; District of Columbia","988","467","110","93","878","467",
"1500000US110010074092","Block Group 2; Census Tract 74.09; District of Columbia; District of Columbia","1402","627","586","547","816","415",
"1500000US110010074093","Block Group 3; Census Tract 74.09; District of Columbia; District of Columbia","1328","629","900","638","428","272",
"1500000US110010075021","Block Group 1; Census Tract 75.02; District of Columbia; District of Columbia","2970","965","1163","513","1807","922",
"1500000US110010075022","Block Group 2; Census Tract 75.02; District of Columbia; District of Columbia","759","469","282","318","477","407",
"1500000US110010075023","Block Group 3; Census Tract 75.02; District of Columbia; District of Columbia","929","457","267","286","662","390",
"1500000US110010075031","Block Group 1; Census Tract 75.03; District of Columbia; District of Columbia","1164","596","212","171","952","582",
"1500000US110010075032","Block Group 2; Census Tract 75.03; District of Columbia; District of Columbia","1221","226","681","188","540","209",
"1500000US110010075041","Block Group 1; Census Tract 75.04; District of Columbia; District of Columbia","1484","505","449","321","1035","419",
"1500000US110010075042","Block Group 2; Census Tract 75.04; District of Columbia; District of Columbia","1255","481","480","300","775","419",
"1500000US110010076011","Block Group 1; Census Tract 76.01; District of Columbia; District of Columbia","789","413","38","50","751","407",
"1500000US110010076012","Block Group 2; Census Tract 76.01; District of Columbia; District of Columbia","423","165","71","73","352","174",
"1500000US110010076013","Block Group 3; Census Tract 76.01; District of Columbia; District of Columbia","1109","518","461","435","648","284",
"1500000US110010076014","Block Group 4; Census Tract 76.01; District of Columbia; District of Columbia","1993","681","663","605","1330","712",
"1500000US110010076015","Block Group 5; Census Tract 76.01; District of Columbia; District of Columbia","799","352","87","89","712","336",
"1500000US110010076031","Block Group 1; Census Tract 76.03; District of Columbia; District of Columbia","910","274","130","174","780","250",
"1500000US110010076032","Block Group 2; Census Tract 76.03; District of Columbia; District of Columbia","516","244","104","80","412","246",
"1500000US110010076033","Block Group 3; Census Tract 76.03; District of Columbia; District of Columbia","456","435","0","14","456","435",
"1500000US110010076034","Block Group 4; Census Tract 76.03; District of Columbia; District of Columbia","1707","741","221","184","1486","730",
"1500000US110010076041","Block Group 1; Census Tract 76.04; District of Columbia; District of Columbia","825","283","136","93","689","250",
"1500000US110010076042","Block Group 2; Census Tract 76.04; District of Columbia; District of Columbia","900","248","15","17","885","248",
"1500000US110010076043","Block Group 3; Census Tract 76.04; District of Columbia; District of Columbia","550","265","73","61","477","235",
"1500000US110010076044","Block Group 4; Census Tract 76.04; District of Columbia; District of Columbia","1162","659","376","409","786","325",
"1500000US110010076051","Block Group 1; Census Tract 76.05; District of Columbia; District of Columbia","691","302","236","209","455","239",
"1500000US110010076052","Block Group 2; Census Tract 76.05; District of Columbia; District of Columbia","1008","347","92","111","916","356",
"1500000US110010076053","Block Group 3; Census Tract 76.05; District of Columbia; District of Columbia","1281","426","325","302","956","389",
"1500000US110010076054","Block Group 4; Census Tract 76.05; District of Columbia; District of Columbia","663","244","88","83","575","214",
"1500000US110010077031","Block Group 1; Census Tract 77.03; District of Columbia; District of Columbia","617","342","20","33","597","347",
"1500000US110010077032","Block Group 2; Census Tract 77.03; District of Columbia; District of Columbia","1182","615","239","230","943","589",
"1500000US110010077033","Block Group 3; Census Tract 77.03; District of Columbia; District of Columbia","2978","811","1260","732","1718","921",
"1500000US110010077034","Block Group 4; Census Tract 77.03; District of Columbia; District of Columbia","2086","1197","787","785","1299","980",
"1500000US110010077071","Block Group 1; Census Tract 77.07; District of Columbia; District of Columbia","1317","590","235","183","1082","574",
"1500000US110010077072","Block Group 2; Census Tract 77.07; District of Columbia; District of Columbia","1019","652","273","226","746","624",
"1500000US110010077073","Block Group 3; Census Tract 77.07; District of Columbia; District of Columbia","1762","762","581","509","1181","536",
"1500000US110010077081","Block Group 1; Census Tract 77.08; District of Columbia; District of Columbia","1134","446","325","243","809","375",
"1500000US110010077082","Block Group 2; Census Tract 77.08; District of Columbia; District of Columbia","1528","675","276","241","1252","610",
"1500000US110010077091","Block Group 1; Census Tract 77.09; District of Columbia; District of Columbia","890","279","92","47","798","279",
"1500000US110010077092","Block Group 2; Census Tract 77.09; District of Columbia; District of Columbia","1365","605","501","492","864","392",
"1500000US110010078031","Block Group 1; Census Tract 78.03; District of Columbia; District of Columbia","1990","878","525","350","1465","840",
"1500000US110010078032","Block Group 2; Census Tract 78.03; District of Columbia; District of Columbia","403","225","95","110","308","193",
"1500000US110010078033","Block Group 3; Census Tract 78.03; District of Columbia; District of Columbia","388","229","202","159","186","166",
"1500000US110010078034","Block Group 4; Census Tract 78.03; District of Columbia; District of Columbia","1604","442","317","287","1287","399",
"1500000US110010078041","Block Group 1; Census Tract 78.04; District of Columbia; District of Columbia","1470","956","541","688","929","666",
"1500000US110010078042","Block Group 2; Census Tract 78.04; District of Columbia; District of Columbia","1967","826","712","449","1255","767",
"1500000US110010078043","Block Group 3; Census Tract 78.04; District of Columbia; District of Columbia","414","193","46","36","368","189",
"1500000US110010078061","Block Group 1; Census Tract 78.06; District of Columbia; District of Columbia","936","356","99","89","837","326",
"1500000US110010078062","Block Group 2; Census Tract 78.06; District of Columbia; District of Columbia","1396","381","244","180","1152","381",
"1500000US110010078071","Block Group 1; Census Tract 78.07; District of Columbia; District of Columbia","1268","302","219","194","1049","279",
"1500000US110010078072","Block Group 2; Census Tract 78.07; District of Columbia; District of Columbia","1095","543","170","129","925","529",
"1500000US110010078081","Block Group 1; Census Tract 78.08; District of Columbia; District of Columbia","1819","624","857","494","962","427",
"1500000US110010078082","Block Group 2; Census Tract 78.08; District of Columbia; District of Columbia","1271","696","285","276","986","718",
"1500000US110010078083","Block Group 3; Census Tract 78.08; District of Columbia; District of Columbia","1054","455","76","95","978","473",
"1500000US110010078091","Block Group 1; Census Tract 78.09; District of Columbia; District of Columbia","2089","689","722","413","1367","646",
"1500000US110010078092","Block Group 2; Census Tract 78.09; District of Columbia; District of Columbia","1113","458","602","414","511","248",
"1500000US110010079011","Block Group 1; Census Tract 79.01; District of Columbia; District of Columbia","764","349","247","342","517","215",
"1500000US110010079012","Block Group 2; Census Tract 79.01; District of Columbia; District of Columbia","862","354","279","335","583","172",
"1500000US110010079013","Block Group 3; Census Tract 79.01; District of Columbia; District of Columbia","1540","696","575","327","965","725",
"1500000US110010079014","Block Group 4; Census Tract 79.01; District of Columbia; District of Columbia","1326","303","295","252","1031","186",
"1500000US110010079031","Block Group 1; Census Tract 79.03; District of Columbia; District of Columbia","1739","316","117","64","1622","316",
"1500000US110010080011","Block Group 1; Census Tract 80.01; District of Columbia; District of Columbia","564","198","0","14","564","198",
"1500000US110010080012","Block Group 2; Census Tract 80.01; District of Columbia; District of Columbia","1762","318","48","43","1714","317",
"1500000US110010080013","Block Group 3; Census Tract 80.01; District of Columbia; District of Columbia","712","283","0","14","712","283",
"1500000US110010080021","Block Group 1; Census Tract 80.02; District of Columbia; District of Columbia","1427","301","102","104","1325","284",
"1500000US110010080022","Block Group 2; Census Tract 80.02; District of Columbia; District of Columbia","1781","333","124","66","1657","334",
"1500000US110010081001","Block Group 1; Census Tract 81; District of Columbia; District of Columbia","675","158","13","20","662","159",
"1500000US110010081002","Block Group 2; Census Tract 81; District of Columbia; District of Columbia","1632","458","8","13","1624","458",
"1500000US110010081003","Block Group 3; Census Tract 81; District of Columbia; District of Columbia","808","264","8","13","800","260",
"1500000US110010082001","Block Group 1; Census Tract 82; District of Columbia; District of Columbia","726","216","0","14","726","216",
"1500000US110010082002","Block Group 2; Census Tract 82; District of Columbia; District of Columbia","525","174","36","30","489","173",
"1500000US110010082003","Block Group 3; Census Tract 82; District of Columbia; District of Columbia","688","321","34","34","654","311",
"1500000US110010082004","Block Group 4; Census Tract 82; District of Columbia; District of Columbia","556","166","0","14","556","166",
"1500000US110010083011","Block Group 1; Census Tract 83.01; District of Columbia; District of Columbia","1609","251","56","42","1553","245",
"1500000US110010083012","Block Group 2; Census Tract 83.01; District of Columbia; District of Columbia","1204","233","99","69","1105","222",
"1500000US110010083021","Block Group 1; Census Tract 83.02; District of Columbia; District of Columbia","1140","247","0","14","1140","247",
"1500000US110010083022","Block Group 2; Census Tract 83.02; District of Columbia; District of Columbia","747","182","50","39","697","172",
"1500000US110010083023","Block Group 3; Census Tract 83.02; District of Columbia; District of Columbia","982","494","0","14","982","494",
"1500000US110010084021","Block Group 1; Census Tract 84.02; District of Columbia; District of Columbia","849","257","55","62","794","249",
"1500000US110010084022","Block Group 2; Census Tract 84.02; District of Columbia; District of Columbia","1568","280","121","77","1447","291",
"1500000US110010084101","Block Group 1; Census Tract 84.10; District of Columbia; District of Columbia","2175","447","65","48","2110","458",
"1500000US110010087011","Block Group 1; Census Tract 87.01; District of Columbia; District of Columbia","1370","296","222","219","1148","220",
"1500000US110010087012","Block Group 2; Census Tract 87.01; District of Columbia; District of Columbia","1189","428","142","132","1047","409",
"1500000US110010087021","Block Group 1; Census Tract 87.02; District of Columbia; District of Columbia","1393","516","15","23","1378","517",
"1500000US110010087022","Block Group 2; Census Tract 87.02; District of Columbia; District of Columbia","705","197","73","49","632","194",
"1500000US110010087023","Block Group 3; Census Tract 87.02; District of Columbia; District of Columbia","1213","274","135","151","1078","228",
"1500000US110010088021","Block Group 1; Census Tract 88.02; District of Columbia; District of Columbia","1075","495","355","229","720","415",
"1500000US110010088022","Block Group 2; Census Tract 88.02; District of Columbia; District of Columbia","1111","358","420","332","691","244",
"1500000US110010088023","Block Group 3; Census Tract 88.02; District of Columbia; District of Columbia","1199","345","175","195","1024","312",
"1500000US110010088024","Block Group 4; Census Tract 88.02; District of Columbia; District of Columbia","1114","420","39","62","1075","414",
"1500000US110010088031","Block Group 1; Census Tract 88.03; District of Columbia; District of Columbia","1728","527","332","157","1396","519",
"1500000US110010088032","Block Group 2; Census Tract 88.03; District of Columbia; District of Columbia","1035","233","91","89","944","214",
"1500000US110010088041","Block Group 1; Census Tract 88.04; District of Columbia; District of Columbia","1467","668","325","348","1142","550",
"1500000US110010088042","Block Group 2; Census Tract 88.04; District of Columbia; District of Columbia","1576","732","173","126","1403","717",
"1500000US110010089031","Block Group 1; Census Tract 89.03; District of Columbia; District of Columbia","775","247","186","197","589","303",
"1500000US110010089032","Block Group 2; Census Tract 89.03; District of Columbia; District of Columbia","1901","620","785","592","1116","377",
"1500000US110010089033","Block Group 3; Census Tract 89.03; District of Columbia; District of Columbia","1211","839","0","14","1211","839",
"1500000US110010089041","Block Group 1; Census Tract 89.04; District of Columbia; District of Columbia","1218","536","33","37","1185","533",
"1500000US110010089042","Block Group 2; Census Tract 89.04; District of Columbia; District of Columbia","1800","598","200","107","1600","584",
"1500000US110010089043","Block Group 3; Census Tract 89.04; District of Columbia; District of Columbia","955","429","248","224","707","381",
"1500000US110010090001","Block Group 1; Census Tract 90; District of Columbia; District of Columbia","1494","698","138","66","1356","686",
"1500000US110010090002","Block Group 2; Census Tract 90; District of Columbia; District of Columbia","1591","496","23","32","1568","488",
"1500000US110010090003","Block Group 3; Census Tract 90; District of Columbia; District of Columbia","552","274","61","98","491","266",
"1500000US110010091021","Block Group 1; Census Tract 91.02; District of Columbia; District of Columbia","1225","506","266","276","959","433",
"1500000US110010091022","Block Group 2; Census Tract 91.02; District of Columbia; District of Columbia","829","195","345","178","484","185",
"1500000US110010091023","Block Group 3; Census Tract 91.02; District of Columbia; District of Columbia","1908","612","363","284","1545","607",
"1500000US110010091024","Block Group 4; Census Tract 91.02; District of Columbia; District of Columbia","761","351","210","176","551","262",
"1500000US110010092011","Block Group 1; Census Tract 92.01; District of Columbia; District of Columbia","912","379","144","69","768","378",
"1500000US110010092012","Block Group 2; Census Tract 92.01; District of Columbia; District of Columbia","1758","249","327","153","1431","195",
"1500000US110010092031","Block Group 1; Census Tract 92.03; District of Columbia; District of Columbia","963","288","77","105","886","299",
"1500000US110010092032","Block Group 2; Census Tract 92.03; District of Columbia; District of Columbia","2348","622","207","164","2141","642",
"1500000US110010092041","Block Group 1; Census Tract 92.04; District of Columbia; District of Columbia","836","309","38","38","798","311",
"1500000US110010092042","Block Group 2; Census Tract 92.04; District of Columbia; District of Columbia","2537","559","927","387","1610","490",
"1500000US110010093011","Block Group 1; Census Tract 93.01; District of Columbia; District of Columbia","857","426","31","35","826","428",
"1500000US110010093012","Block Group 2; Census Tract 93.01; District of Columbia; District of Columbia","1120","388","91","115","1029","392",
"1500000US110010093013","Block Group 3; Census Tract 93.01; District of Columbia; District of Columbia","917","426","13","22","904","433",
"1500000US110010093014","Block Group 4; Census Tract 93.01; District of Columbia; District of Columbia","466","134","26","43","440","142",
"1500000US110010093021","Block Group 1; Census Tract 93.02; District of Columbia; District of Columbia","1754","267","216","130","1538","278",
"1500000US110010094001","Block Group 1; Census Tract 94; District of Columbia; District of Columbia","883","365","173","259","710","292",
"1500000US110010094002","Block Group 2; Census Tract 94; District of Columbia; District of Columbia","1549","421","198","268","1351","363",
"1500000US110010094003","Block Group 3; Census Tract 94; District of Columbia; District of Columbia","1059","331","69","55","990","334",
"1500000US110010094004","Block Group 4; Census Tract 94; District of Columbia; District of Columbia","1277","686","23","27","1254","685",
"1500000US110010095031","Block Group 1; Census Tract 95.03; District of Columbia; District of Columbia","1570","518","142","171","1428","548",
"1500000US110010095032","Block Group 2; Census Tract 95.03; District of Columbia; District of Columbia","682","247","76","86","606","218",
"1500000US110010095033","Block Group 3; Census Tract 95.03; District of Columbia; District of Columbia","637","185","22","24","615","187",
"1500000US110010095041","Block Group 1; Census Tract 95.04; District of Columbia; District of Columbia","1839","428","166","129","1673","426",
"1500000US110010095042","Block Group 2; Census Tract 95.04; District of Columbia; District of Columbia","1035","255","139","123","896","225",
"1500000US110010095051","Block Group 1; Census Tract 95.05; District of Columbia; District of Columbia","1039","553","43","69","996","547",
"1500000US110010095052","Block Group 2; Census Tract 95.05; District of Columbia; District of Columbia","1520","435","12","18","1508","435",
"1500000US110010095053","Block Group 3; Census Tract 95.05; District of Columbia; District of Columbia","1665","552","100","108","1565","555",
"1500000US110010095071","Block Group 1; Census Tract 95.07; District of Columbia; District of Columbia","1650","327","269","271","1381","229",
"1500000US110010095081","Block Group 1; Census Tract 95.08; District of Columbia; District of Columbia","2041","779","194","147","1847","800",
"1500000US110010095082","Block Group 2; Census Tract 95.08; District of Columbia; District of Columbia","975","282","93","93","882","277",
"1500000US110010095083","Block Group 3; Census Tract 95.08; District of Columbia; District of Columbia","293","193","1","2","292","193",
"1500000US110010095084","Block Group 4; Census Tract 95.08; District of Columbia; District of Columbia","570","273","99","119","471","258",
"1500000US110010095091","Block Group 1; Census Tract 95.09; District of Columbia; District of Columbia","1062","277","54","52","1008","275",
"1500000US110010095092","Block Group 2; Census Tract 95.09; District of Columbia; District of Columbia","977","334","35","34","942","328",
"1500000US110010095093","Block Group 3; Census Tract 95.09; District of Columbia; District of Columbia","1109","465","10","15","1099","467",
"1500000US110010095101","Block Group 1; Census Tract 95.10; District of Columbia; District of Columbia","1883","558","322","280","1561","546",
"1500000US110010095102","Block Group 2; Census Tract 95.10; District of Columbia; District of Columbia","687","426","103","71","584","421",
"1500000US110010095103","Block Group 3; Census Tract 95.10; District of Columbia; District of Columbia","2325","894","734","406","1591","827",
"1500000US110010095111","Block Group 1; Census Tract 95.11; District of Columbia; District of Columbia","0","14","0","14","0","14",
"1500000US110010096011","Block Group 1; Census Tract 96.01; District of Columbia; District of Columbia","1980","479","498","278","1482","562",
"1500000US110010096021","Block Group 1; Census Tract 96.02; District of Columbia; District of Columbia","0","14","0","14","0","14",
"1500000US110010096022","Block Group 2; Census Tract 96.02; District of Columbia; District of Columbia","4186","801","1717","760","2469","767",
"1500000US110010096023","Block Group 3; Census Tract 96.02; District of Columbia; District of Columbia","928","312","43","39","885","313",
"1500000US110010096031","Block Group 1; Census Tract 96.03; District of Columbia; District of Columbia","1600","466","612","357","988","415",
"1500000US110010096032","Block Group 2; Census Tract 96.03; District of Columbia; District of Columbia","1119","504","9","15","1110","507",
"1500000US110010096033","Block Group 3; Census Tract 96.03; District of Columbia; District of Columbia","1268","296","457","266","811","257",
"1500000US110010096041","Block Group 1; Census Tract 96.04; District of Columbia; District of Columbia","1139","220","47","55","1092","215",
"1500000US110010096042","Block Group 2; Census Tract 96.04; District of Columbia; District of Columbia","1118","578","100","90","1018","576",
"1500000US110010097001","Block Group 1; Census Tract 97; District of Columbia; District of Columbia","858","517","78","88","780","509",
"1500000US110010097002","Block Group 2; Census Tract 97; District of Columbia; District of Columbia","1410","570","214","202","1196","533",
"1500000US110010097003","Block Group 3; Census Tract 97; District of Columbia; District of Columbia","1391","661","441","313","950","568",
"1500000US110010098011","Block Group 1; Census Tract 98.01; District of Columbia; District of Columbia","1810","505","695","375","1115","345",
"1500000US110010098021","Block Group 1; Census Tract 98.02; District of Columbia; District of Columbia","1148","471","491","238","657","444",
"1500000US110010098022","Block Group 2; Census Tract 98.02; District of Columbia; District of Columbia","843","307","195","134","648","282",
"1500000US110010098031","Block Group 1; Census Tract 98.03; District of Columbia; District of Columbia","646","254","207","160","439","219",
"1500000US110010098032","Block Group 2; Census Tract 98.03; District of Columbia; District of Columbia","925","469","144","105","781","445",
"1500000US110010098033","Block Group 3; Census Tract 98.03; District of Columbia; District of Columbia","1184","405","422","318","762","234",
"1500000US110010098041","Block Group 1; Census Tract 98.04; District of Columbia; District of Columbia","1951","525","350","170","1601","491",
"1500000US110010098042","Block Group 2; Census Tract 98.04; District of Columbia; District of Columbia","918","331","282","192","636","285",
"1500000US110010098071","Block Group 1; Census Tract 98.07; District of Columbia; District of Columbia","718","251","75","89","643","234",
"1500000US110010098072","Block Group 2; Census Tract 98.07; District of Columbia; District of Columbia","1693","703","205","192","1488","698",
"1500000US110010098073","Block Group 3; Census Tract 98.07; District of Columbia; District of Columbia","941","326","132","132","809","328",
"1500000US110010098101","Block Group 1; Census Tract 98.10; District of Columbia; District of Columbia","1488","423","470","324","1018","366",
"1500000US110010098102","Block Group 2; Census Tract 98.10; District of Columbia; District of Columbia","696","246","213","148","483","196",
"1500000US110010098111","Block Group 1; Census Tract 98.11; District of Columbia; District of Columbia","1189","529","504","331","685","472",
"1500000US110010098112","Block Group 2; Census Tract 98.11; District of Columbia; District of Columbia","1450","555","380","255","1070","584",
"1500000US110010098113","Block Group 3; Census Tract 98.11; District of Columbia; District of Columbia","1173","573","92","78","1081","544",
"1500000US110010099011","Block Group 1; Census Tract 99.01; District of Columbia; District of Columbia","486","207","6","11","480","206",
"1500000US110010099012","Block Group 2; Census Tract 99.01; District of Columbia; District of Columbia","1633","401","80","82","1553","401",
"1500000US110010099021","Block Group 1; Census Tract 99.02; District of Columbia; District of Columbia","1122","453","183","178","939","452",
"1500000US110010099022","Block Group 2; Census Tract 99.02; District of Columbia; District of Columbia","1917","850","188","210","1729","836",
"1500000US110010099031","Block Group 1; Census Tract 99.03; District of Columbia; District of Columbia","1360","511","126","106","1234","515",
"1500000US110010099032","Block Group 2; Census Tract 99.03; District of Columbia; District of Columbia","947","368","69","42","878","366",
"1500000US110010099041","Block Group 1; Census Tract 99.04; District of Columbia; District of Columbia","960","290","159","129","801","279",
"1500000US110010099042","Block Group 2; Census Tract 99.04; District of Columbia; District of Columbia","1027","403","551","332","476","304",
"1500000US110010099043","Block Group 3; Census Tract 99.04; District of Columbia; District of Columbia","1133","412","171","256","962","384",
"1500000US110010099051","Block Group 1; Census Tract 99.05; District of Columbia; District of Columbia","1496","474","207","214","1289","473",
"1500000US110010099052","Block Group 2; Census Tract 99.05; District of Columbia; District of Columbia","831","279","114","185","717","235",
"1500000US110010099053","Block Group 3; Census Tract 99.05; District of Columbia; District of Columbia","1103","463","350","373","753","331",
"1500000US110010099061","Block Group 1; Census Tract 99.06; District of Columbia; District of Columbia","1608","361","336","170","1272","373",
"1500000US110010099071","Block Group 1; Census Tract 99.07; District of Columbia; District of Columbia","416","156","47","59","369","152",
"1500000US110010099072","Block Group 2; Census Tract 99.07; District of Columbia; District of Columbia","2043","640","513","508","1530","533",
"1500000US110010101001","Block Group 1; Census Tract 101; District of Columbia; District of Columbia","667","192","17","19","650","196",
"1500000US110010101002","Block Group 2; Census Tract 101; District of Columbia; District of Columbia","954","210","117","88","837","232",
"1500000US110010101003","Block Group 3; Census Tract 101; District of Columbia; District of Columbia","1021","434","78","66","943","436",
"1500000US110010102011","Block Group 1; Census Tract 102.01; District of Columbia; District of Columbia","1135","247","36","39","1099","246",
"1500000US110010102012","Block Group 2; Census Tract 102.01; District of Columbia; District of Columbia","793","206","16","27","777","211",
"1500000US110010102013","Block Group 3; Census Tract 102.01; District of Columbia; District of Columbia","906","412","65","54","841","414",
"1500000US110010102021","Block Group 1; Census Tract 102.02; District of Columbia; District of Columbia","0","14","0","14","0","14",
"1500000US110010102022","Block Group 2; Census Tract 102.02; District of Columbia; District of Columbia","1022","243","43","39","979","234",
"1500000US110010102023","Block Group 3; Census Tract 102.02; District of Columbia; District of Columbia","0","14","0","14","0","14",
"1500000US110010102024","Block Group 4; Census Tract 102.02; District of Columbia; District of Columbia","0","14","0","14","0","14",
"1500000US110010102025","Block Group 5; Census Tract 102.02; District of Columbia; District of Columbia","1238","466","52","45","1186","466",
"1500000US110010102026","Block Group 6; Census Tract 102.02; District of Columbia; District of Columbia","0","14","0","14","0","14",
"1500000US110010103001","Block Group 1; Census Tract 103; District of Columbia; District of Columbia","1029","344","196","200","833","278",
"1500000US110010103002","Block Group 2; Census Tract 103; District of Columbia; District of Columbia","1576","588","34","41","1542","589",
"1500000US110010103003","Block Group 3; Census Tract 103; District of Columbia; District of Columbia","1447","470","251","200","1196","399",
"1500000US110010104001","Block Group 1; Census Tract 104; District of Columbia; District of Columbia","2229","720","396","367","1833","667",
"1500000US110010104002","Block Group 2; Census Tract 104; District of Columbia; District of Columbia","825","381","197","159","628","326",
"1500000US110010104003","Block Group 3; Census Tract 104; District of Columbia; District of Columbia","790","454","10","17","780","456",
"1500000US110010105001","Block Group 1; Census Tract 105; District of Columbia; District of Columbia","0","14","0","14","0","14",
"1500000US110010105002","Block Group 2; Census Tract 105; District of Columbia; District of Columbia","2196","510","204","159","1992","509",
"1500000US110010105003","Block Group 3; Census Tract 105; District of Columbia; District of Columbia","1168","381","497","345","671","191",
"1500000US110010105004","Block Group 4; Census Tract 105; District of Columbia; District of Columbia","0","14","0","14","0","14",
"1500000US110010105005","Block Group 5; Census Tract 105; District of Columbia; District of Columbia","586","318","176","184","410","233",
"1500000US110010106011","Block Group 1; Census Tract 106.01; District of Columbia; District of Columbia","916","299","125","91","791","292",
"1500000US110010106012","Block Group 2; Census Tract 106.01; District of Columbia; District of Columbia","932","316","120","75","812","296",
"1500000US110010106021","Block Group 1; Census Tract 106.02; District of Columbia; District of Columbia","1524","549","420","535","1104","496",
"1500000US110010106022","Block Group 2; Census Tract 106.02; District of Columbia; District of Columbia","1103","335","31","28","1072","332",
"1500000US110010106023","Block Group 3; Census Tract 106.02; District of Columbia; District of Columbia","1983","607","88","65","1895","585",
"1500000US110010106024","Block Group 4; Census Tract 106.02; District of Columbia; District of Columbia","1959","624","581","522","1378","461",
"1500000US110010106031","Block Group 1; Census Tract 106.03; District of Columbia; District of Columbia","0","14","0","14","0","14",
"1500000US110010106032","Block Group 2; Census Tract 106.03; District of Columbia; District of Columbia","1510","604","37","28","1473","605",
"1500000US110010106033","Block Group 3; Census Tract 106.03; District of Columbia; District of Columbia","1199","218","71","56","1128","215",
"1500000US110010107001","Block Group 1; Census Tract 107; District of Columbia; District of Columbia","423","109","60","37","363","108",
"1500000US110010107002","Block Group 2; Census Tract 107; District of Columbia; District of Columbia","1078","378","112","63","966","369",
"1500000US110010108001","Block Group 1; Census Tract 108; District of Columbia; District of Columbia","172","69","46","47","126","55",
"1500000US110010108002","Block Group 2; Census Tract 108; District of Columbia; District of Columbia","0","14","0","14","0","14",
"1500000US110010108003","Block Group 3; Census Tract 108; District of Columbia; District of Columbia","225","53","33","30","192","52",
"1500000US110010108004","Block Group 4; Census Tract 108; District of Columbia; District of Columbia","0","14","0","14","0","14",
"1500000US110010108005","Block Group 5; Census Tract 108; District of Columbia; District of Columbia","0","14","0","14","0","14",
"1500000US110010108006","Block Group 6; Census Tract 108; District of Columbia; District of Columbia","735","274","342","157","393","151",
"1500000US110010109001","Block Group 1; Census Tract 109; District of Columbia; District of Columbia","1332","494","378","245","954","437",
"1500000US110010109002","Block Group 2; Census Tract 109; District of Columbia; District of Columbia","1600","709","77","82","1523","696",
"1500000US110010110011","Block Group 1; Census Tract 110.01; District of Columbia; District of Columbia","631","209","287","253","344","259",
"1500000US110010110012","Block Group 2; Census Tract 110.01; District of Columbia; District of Columbia","1447","630","26","42","1421","632",
"1500000US110010110013","Block Group 3; Census Tract 110.01; District of Columbia; District of Columbia","529","151","41","46","488","143",
"1500000US110010110021","Block Group 1; Census Tract 110.02; District of Columbia; District of Columbia","1040","217","101","87","939","197",
"1500000US110010110022","Block Group 2; Census Tract 110.02; District of Columbia; District of Columbia","481","139","8","13","473","138",
"1500000US110010111001","Block Group 1; Census Tract 111; District of Columbia; District of Columbia","1844","565","158","93","1686","586",
"1500000US110010111002","Block Group 2; Census Tract 111; District of Columbia; District of Columbia","1755","568","295","380","1460","397",
"1500000US110010111003","Block Group 3; Census Tract 111; District of Columbia; District of Columbia","1176","394","371","268","805","316",
"1500000US110019800001","Block Group 1; Census Tract 9800; District of Columbia; District of Columbia","17","25","0","14","17","25",
